관리소,일자,일출,일몰
본부,2023-01-01,7:42:00,17:21:00
본부,2023-01-02,7:42:00,17:21:00
본부,2023-01-03,7:43:00,17:22:00
본부,2023-01-04,7:43:00,17:23:00
본부,2023-01-05,7:43:00,17:24:00
본부,2023-01-06,7:43:00,17:25:00
본부,2023-01-07,7:43:00,17:26:00
본부,2023-01-08,7:43:00,17:27:00
본부,2023-01-09,7:43:00,17:28:00
본부,2023-01-10,7:43:00,17:29:00
본부,2023-01-11,7:42:00,17:29:00
본부,2023-01-12,7:42:00,17:30:00
본부,2023-01-13,7:42:00,17:31:00
본부,2023-01-14,7:42:00,17:32:00
본부,2023-01-15,7:42:00,17:33:00
본부,2023-01-16,7:41:00,17:34:00
본부,2023-01-17,7:41:00,17:35:00
본부,2023-01-18,7:40:00,17:37:00
본부,2023-01-19,7:40:00,17:38:00
본부,2023-01-20,7:40:00,17:39:00
본부,2023-01-21,7:39:00,17:40:00
본부,2023-01-22,7:39:00,17:41:00
본부,2023-01-23,7:38:00,17:42:00
본부,2023-01-24,7:38:00,17:43:00
본부,2023-01-25,7:37:00,17:44:00
본부,2023-01-26,7:36:00,17:45:00
본부,2023-01-27,7:36:00,17:46:00
본부,2023-01-28,7:35:00,17:47:00
본부,2023-01-29,7:34:00,17:48:00
본부,2023-01-30,7:34:00,17:50:00
본부,2023-01-31,7:33:00,17:51:00
본부,2023-02-01,7:32:00,17:52:00
본부,2023-02-02,7:31:00,17:53:00
본부,2023-02-03,7:30:00,17:54:00
본부,2023-02-04,7:29:00,17:55:00
본부,2023-02-05,7:28:00,17:56:00
본부,2023-02-06,7:28:00,17:57:00
본부,2023-02-07,7:27:00,17:58:00
본부,2023-02-08,7:26:00,17:59:00
본부,2023-02-09,7:25:00,18:01:00
본부,2023-02-10,7:24:00,18:02:00
본부,2023-02-11,7:23:00,18:03:00
본부,2023-02-12,7:21:00,18:04:00
본부,2023-02-13,7:20:00,18:05:00
본부,2023-02-14,7:19:00,18:06:00
본부,2023-02-15,7:18:00,18:07:00
본부,2023-02-16,7:17:00,18:08:00
본부,2023-02-17,7:16:00,18:09:00
본부,2023-02-18,7:15:00,18:10:00
본부,2023-02-19,7:13:00,18:11:00
본부,2023-02-20,7:12:00,18:12:00
본부,2023-02-21,7:11:00,18:13:00
본부,2023-02-22,7:10:00,18:14:00
본부,2023-02-23,7:08:00,18:15:00
본부,2023-02-24,7:07:00,18:16:00
본부,2023-02-25,7:06:00,18:17:00
본부,2023-02-26,7:04:00,18:18:00
본부,2023-02-27,7:03:00,18:19:00
본부,2023-02-28,7:02:00,18:20:00
본부,2023-03-01,7:00:00,18:21:00
본부,2023-03-02,6:59:00,18:22:00
본부,2023-03-03,6:58:00,18:23:00
본부,2023-03-04,6:56:00,18:24:00
본부,2023-03-05,6:55:00,18:25:00
본부,2023-03-06,6:53:00,18:26:00
본부,2023-03-07,6:52:00,18:27:00
본부,2023-03-08,6:51:00,18:28:00
본부,2023-03-09,6:49:00,18:29:00
본부,2023-03-10,6:48:00,18:30:00
본부,2023-03-11,6:46:00,18:31:00
본부,2023-03-12,6:45:00,18:32:00
본부,2023-03-13,6:43:00,18:33:00
본부,2023-03-14,6:42:00,18:34:00
본부,2023-03-15,6:40:00,18:35:00
본부,2023-03-16,6:39:00,18:36:00
본부,2023-03-17,6:37:00,18:37:00
본부,2023-03-18,6:36:00,18:37:00
본부,2023-03-19,6:34:00,18:38:00
본부,2023-03-20,6:33:00,18:39:00
본부,2023-03-21,6:31:00,18:40:00
본부,2023-03-22,6:30:00,18:41:00
본부,2023-03-23,6:28:00,18:42:00
본부,2023-03-24,6:27:00,18:43:00
본부,2023-03-25,6:25:00,18:44:00
본부,2023-03-26,6:24:00,18:45:00
본부,2023-03-27,6:22:00,18:46:00
본부,2023-03-28,6:21:00,18:47:00
본부,2023-03-29,6:19:00,18:47:00
본부,2023-03-30,6:18:00,18:48:00
본부,2023-03-31,6:16:00,18:49:00
본부,2023-04-01,6:15:00,18:50:00
본부,2023-04-02,6:13:00,18:51:00
본부,2023-04-03,6:12:00,18:52:00
본부,2023-04-04,6:10:00,18:53:00
본부,2023-04-05,6:09:00,18:54:00
본부,2023-04-06,6:07:00,18:55:00
본부,2023-04-07,6:06:00,18:56:00
본부,2023-04-08,6:05:00,18:56:00
본부,2023-04-09,6:03:00,18:57:00
본부,2023-04-10,6:02:00,18:58:00
본부,2023-04-11,6:00:00,18:59:00
본부,2023-04-12,5:59:00,19:00:00
본부,2023-04-13,5:57:00,19:01:00
본부,2023-04-14,5:56:00,19:02:00
본부,2023-04-15,5:55:00,19:03:00
본부,2023-04-16,5:53:00,19:04:00
본부,2023-04-17,5:52:00,19:05:00
본부,2023-04-18,5:51:00,19:05:00
본부,2023-04-19,5:49:00,19:06:00
본부,2023-04-20,5:48:00,19:07:00
본부,2023-04-21,5:47:00,19:08:00
본부,2023-04-22,5:45:00,19:09:00
본부,2023-04-23,5:44:00,19:10:00
본부,2023-04-24,5:43:00,19:11:00
본부,2023-04-25,5:41:00,19:12:00
본부,2023-04-26,5:40:00,19:13:00
본부,2023-04-27,5:39:00,19:14:00
본부,2023-04-28,5:38:00,19:14:00
본부,2023-04-29,5:36:00,19:15:00
본부,2023-04-30,5:35:00,19:16:00
본부,2023-05-01,5:34:00,19:17:00
본부,2023-05-02,5:33:00,19:18:00
본부,2023-05-03,5:32:00,19:19:00
본부,2023-05-04,5:31:00,19:20:00
본부,2023-05-05,5:30:00,19:21:00
본부,2023-05-06,5:29:00,19:22:00
본부,2023-05-07,5:28:00,19:23:00
본부,2023-05-08,5:27:00,19:23:00
본부,2023-05-09,5:26:00,19:24:00
본부,2023-05-10,5:25:00,19:25:00
본부,2023-05-11,5:24:00,19:26:00
본부,2023-05-12,5:23:00,19:27:00
본부,2023-05-13,5:22:00,19:28:00
본부,2023-05-14,5:21:00,19:29:00
본부,2023-05-15,5:20:00,19:30:00
본부,2023-05-16,5:19:00,19:30:00
본부,2023-05-17,5:18:00,19:31:00
본부,2023-05-18,5:18:00,19:32:00
본부,2023-05-19,5:17:00,19:33:00
본부,2023-05-20,5:16:00,19:34:00
본부,2023-05-21,5:15:00,19:35:00
본부,2023-05-22,5:15:00,19:35:00
본부,2023-05-23,5:14:00,19:36:00
본부,2023-05-24,5:13:00,19:37:00
본부,2023-05-25,5:13:00,19:38:00
본부,2023-05-26,5:12:00,19:39:00
본부,2023-05-27,5:12:00,19:39:00
본부,2023-05-28,5:11:00,19:40:00
본부,2023-05-29,5:11:00,19:41:00
본부,2023-05-30,5:10:00,19:41:00
본부,2023-05-31,5:10:00,19:42:00
본부,2023-06-01,5:09:00,19:43:00
본부,2023-06-02,5:09:00,19:43:00
본부,2023-06-03,5:09:00,19:44:00
본부,2023-06-04,5:08:00,19:45:00
본부,2023-06-05,5:08:00,19:45:00
본부,2023-06-06,5:08:00,19:46:00
본부,2023-06-07,5:08:00,19:46:00
본부,2023-06-08,5:07:00,19:47:00
본부,2023-06-09,5:07:00,19:48:00
본부,2023-06-10,5:07:00,19:48:00
본부,2023-06-11,5:07:00,19:49:00
본부,2023-06-12,5:07:00,19:49:00
본부,2023-06-13,5:07:00,19:49:00
본부,2023-06-14,5:07:00,19:50:00
본부,2023-06-15,5:07:00,19:50:00
본부,2023-06-16,5:07:00,19:51:00
본부,2023-06-17,5:07:00,19:51:00
본부,2023-06-18,5:07:00,19:51:00
본부,2023-06-19,5:07:00,19:52:00
본부,2023-06-20,5:07:00,19:52:00
본부,2023-06-21,5:08:00,19:52:00
본부,2023-06-22,5:08:00,19:52:00
본부,2023-06-23,5:08:00,19:52:00
본부,2023-06-24,5:08:00,19:53:00
본부,2023-06-25,5:09:00,19:53:00
본부,2023-06-26,5:09:00,19:53:00
본부,2023-06-27,5:09:00,19:53:00
본부,2023-06-28,5:10:00,19:53:00
본부,2023-06-29,5:10:00,19:53:00
본부,2023-06-30,5:10:00,19:53:00
본부,2023-07-01,5:11:00,19:53:00
본부,2023-07-02,5:11:00,19:53:00
본부,2023-07-03,5:12:00,19:53:00
본부,2023-07-04,5:12:00,19:53:00
본부,2023-07-05,5:13:00,19:52:00
본부,2023-07-06,5:13:00,19:52:00
본부,2023-07-07,5:14:00,19:52:00
본부,2023-07-08,5:14:00,19:52:00
본부,2023-07-09,5:15:00,19:51:00
본부,2023-07-10,5:16:00,19:51:00
본부,2023-07-11,5:16:00,19:51:00
본부,2023-07-12,5:17:00,19:50:00
본부,2023-07-13,5:18:00,19:50:00
본부,2023-07-14,5:18:00,19:49:00
본부,2023-07-15,5:19:00,19:49:00
본부,2023-07-16,5:20:00,19:48:00
본부,2023-07-17,5:20:00,19:48:00
본부,2023-07-18,5:21:00,19:47:00
본부,2023-07-19,5:22:00,19:47:00
본부,2023-07-20,5:23:00,19:46:00
본부,2023-07-21,5:23:00,19:46:00
본부,2023-07-22,5:24:00,19:45:00
본부,2023-07-23,5:25:00,19:44:00
본부,2023-07-24,5:26:00,19:43:00
본부,2023-07-25,5:26:00,19:43:00
본부,2023-07-26,5:27:00,19:42:00
본부,2023-07-27,5:28:00,19:41:00
본부,2023-07-28,5:29:00,19:40:00
본부,2023-07-29,5:30:00,19:39:00
본부,2023-07-30,5:30:00,19:38:00
본부,2023-07-31,5:31:00,19:38:00
본부,2023-08-01,5:32:00,19:37:00
본부,2023-08-02,5:33:00,19:36:00
본부,2023-08-03,5:34:00,19:35:00
본부,2023-08-04,5:35:00,19:34:00
본부,2023-08-05,5:35:00,19:33:00
본부,2023-08-06,5:36:00,19:32:00
본부,2023-08-07,5:37:00,19:31:00
본부,2023-08-08,5:38:00,19:29:00
본부,2023-08-09,5:39:00,19:28:00
본부,2023-08-10,5:40:00,19:27:00
본부,2023-08-11,5:40:00,19:26:00
본부,2023-08-12,5:41:00,19:25:00
본부,2023-08-13,5:42:00,19:24:00
본부,2023-08-14,5:43:00,19:22:00
본부,2023-08-15,5:44:00,19:21:00
본부,2023-08-16,5:45:00,19:20:00
본부,2023-08-17,5:45:00,19:19:00
본부,2023-08-18,5:46:00,19:17:00
본부,2023-08-19,5:47:00,19:16:00
본부,2023-08-20,5:48:00,19:15:00
본부,2023-08-21,5:49:00,19:14:00
본부,2023-08-22,5:50:00,19:12:00
본부,2023-08-23,5:51:00,19:11:00
본부,2023-08-24,5:51:00,19:09:00
본부,2023-08-25,5:52:00,19:08:00
본부,2023-08-26,5:53:00,19:07:00
본부,2023-08-27,5:54:00,19:05:00
본부,2023-08-28,5:55:00,19:04:00
본부,2023-08-29,5:56:00,19:02:00
본부,2023-08-30,5:56:00,19:01:00
본부,2023-08-31,5:57:00,19:00:00
본부,2023-09-01,5:58:00,18:58:00
본부,2023-09-02,5:59:00,18:57:00
본부,2023-09-03,6:00:00,18:55:00
본부,2023-09-04,6:00:00,18:54:00
본부,2023-09-05,6:01:00,18:52:00
본부,2023-09-06,6:02:00,18:51:00
본부,2023-09-07,6:03:00,18:49:00
본부,2023-09-08,6:04:00,18:48:00
본부,2023-09-09,6:05:00,18:46:00
본부,2023-09-10,6:05:00,18:45:00
본부,2023-09-11,6:06:00,18:43:00
본부,2023-09-12,6:07:00,18:42:00
본부,2023-09-13,6:08:00,18:40:00
본부,2023-09-14,6:09:00,18:39:00
본부,2023-09-15,6:10:00,18:37:00
본부,2023-09-16,6:10:00,18:36:00
본부,2023-09-17,6:11:00,18:34:00
본부,2023-09-18,6:12:00,18:32:00
본부,2023-09-19,6:13:00,18:31:00
본부,2023-09-20,6:14:00,18:29:00
본부,2023-09-21,6:15:00,18:28:00
본부,2023-09-22,6:15:00,18:26:00
본부,2023-09-23,6:16:00,18:25:00
본부,2023-09-24,6:17:00,18:23:00
본부,2023-09-25,6:18:00,18:22:00
본부,2023-09-26,6:19:00,18:20:00
본부,2023-09-27,6:20:00,18:19:00
본부,2023-09-28,6:20:00,18:17:00
본부,2023-09-29,6:21:00,18:16:00
본부,2023-09-30,6:22:00,18:14:00
본부,2023-10-01,6:23:00,18:13:00
본부,2023-10-02,6:24:00,18:11:00
본부,2023-10-03,6:25:00,18:10:00
본부,2023-10-04,6:26:00,18:08:00
본부,2023-10-05,6:26:00,18:07:00
본부,2023-10-06,6:27:00,18:05:00
본부,2023-10-07,6:28:00,18:04:00
본부,2023-10-08,6:29:00,18:02:00
본부,2023-10-09,6:30:00,18:01:00
본부,2023-10-10,6:31:00,17:59:00
본부,2023-10-11,6:32:00,17:58:00
본부,2023-10-12,6:33:00,17:56:00
본부,2023-10-13,6:34:00,17:55:00
본부,2023-10-14,6:35:00,17:54:00
본부,2023-10-15,6:35:00,17:52:00
본부,2023-10-16,6:36:00,17:51:00
본부,2023-10-17,6:37:00,17:49:00
본부,2023-10-18,6:38:00,17:48:00
본부,2023-10-19,6:39:00,17:47:00
본부,2023-10-20,6:40:00,17:45:00
본부,2023-10-21,6:41:00,17:44:00
본부,2023-10-22,6:42:00,17:43:00
본부,2023-10-23,6:43:00,17:42:00
본부,2023-10-24,6:44:00,17:40:00
본부,2023-10-25,6:45:00,17:39:00
본부,2023-10-26,6:46:00,17:38:00
본부,2023-10-27,6:47:00,17:37:00
본부,2023-10-28,6:48:00,17:36:00
본부,2023-10-29,6:49:00,17:34:00
본부,2023-10-30,6:50:00,17:33:00
본부,2023-10-31,6:51:00,17:32:00
본부,2023-11-01,6:52:00,17:31:00
본부,2023-11-02,6:53:00,17:30:00
본부,2023-11-03,6:54:00,17:29:00
본부,2023-11-04,6:55:00,17:28:00
본부,2023-11-05,6:56:00,17:27:00
본부,2023-11-06,6:57:00,17:26:00
본부,2023-11-07,6:58:00,17:25:00
본부,2023-11-08,6:59:00,17:24:00
본부,2023-11-09,7:00:00,17:23:00
본부,2023-11-10,7:01:00,17:22:00
본부,2023-11-11,7:02:00,17:21:00
본부,2023-11-12,7:04:00,17:21:00
본부,2023-11-13,7:05:00,17:20:00
본부,2023-11-14,7:06:00,17:19:00
본부,2023-11-15,7:07:00,17:18:00
본부,2023-11-16,7:08:00,17:18:00
본부,2023-11-17,7:09:00,17:17:00
본부,2023-11-18,7:10:00,17:16:00
본부,2023-11-19,7:11:00,17:16:00
본부,2023-11-20,7:12:00,17:15:00
본부,2023-11-21,7:13:00,17:14:00
본부,2023-11-22,7:14:00,17:14:00
본부,2023-11-23,7:15:00,17:13:00
본부,2023-11-24,7:16:00,17:13:00
본부,2023-11-25,7:17:00,17:13:00
본부,2023-11-26,7:18:00,17:12:00
본부,2023-11-27,7:19:00,17:12:00
본부,2023-11-28,7:20:00,17:12:00
본부,2023-11-29,7:21:00,17:11:00
본부,2023-11-30,7:22:00,17:11:00
본부,2023-12-01,7:23:00,17:11:00
본부,2023-12-02,7:24:00,17:11:00
본부,2023-12-03,7:25:00,17:10:00
본부,2023-12-04,7:26:00,17:10:00
본부,2023-12-05,7:27:00,17:10:00
본부,2023-12-06,7:27:00,17:10:00
본부,2023-12-07,7:28:00,17:10:00
본부,2023-12-08,7:29:00,17:10:00
본부,2023-12-09,7:30:00,17:10:00
본부,2023-12-10,7:31:00,17:10:00
본부,2023-12-11,7:32:00,17:10:00
본부,2023-12-12,7:32:00,17:11:00
본부,2023-12-13,7:33:00,17:11:00
본부,2023-12-14,7:34:00,17:11:00
본부,2023-12-15,7:35:00,17:11:00
본부,2023-12-16,7:35:00,17:12:00
본부,2023-12-17,7:36:00,17:12:00
본부,2023-12-18,7:37:00,17:12:00
본부,2023-12-19,7:37:00,17:13:00
본부,2023-12-20,7:38:00,17:13:00
본부,2023-12-21,7:38:00,17:14:00
본부,2023-12-22,7:39:00,17:14:00
본부,2023-12-23,7:39:00,17:15:00
본부,2023-12-24,7:40:00,17:15:00
본부,2023-12-25,7:40:00,17:16:00
본부,2023-12-26,7:41:00,17:16:00
본부,2023-12-27,7:41:00,17:17:00
본부,2023-12-28,7:41:00,17:18:00
본부,2023-12-29,7:42:00,17:18:00
본부,2023-12-30,7:42:00,17:19:00
본부,2023-12-31,7:42:00,17:20:00
